12	0.155783
36	0.072861
57	0.083074
70	0.08336
86	0.075297
126	0.087632
132	0.080335
193	0.077401
216	0.065057
239	0.066449
269	0.079045
308	0.079766
312	0.075462
322	0.088054
345	0.071074
380	0.07852
391	0.066597
416	0.072285
430	0.076987
488	0.069785
513	0.080598
530	0.087544
550	0.085587
599	0.071784
602	0.071777
614	0.073786
649	0.073153
675	0.082065
683	0.087468
716	0.074652
733	0.080757
738	0.073327
783	0.070066
788	0.082486
797	0.093688
799	0.07841
825	0.084975
860	0.079792
906	0.076286
911	0.055581
936	0.068549
958	0.080881
966	0.071961
973	0.067781
1013	0.066385
1163	0.075289
1181	0.071228
1201	0.075239
1236	0.074941
1290	0.058167
1348	0.080836
1377	0.088265
1434	0.059137
1441	0.070826
1507	0.080451
1540	0.067978
1599	0.063581
1612	0.081045
1630	0.077162
1684	0.05724
1687	0.072823
1694	0.069081
1736	0.080403
1768	0.082667
1769	0.077972
1770	0.076071
1778	0.066355
1866	0.070281
1930	0.057421
1938	0.071901
1961	0.071599
1986	0.069238
2031	0.072745
2123	0.073415
2134	0.084917
2170	0.081387
2189	0.085665
2211	0.077647
2213	0.073026
2225	0.065474
2246	0.069855
2289	0.078176
2334	0.071499
2355	0.083734
2362	0.057724
2398	0.076757
2412	0.070351
2424	0.070052
2482	0.078623
2578	0.076901
2629	0.075326
2695	0.082431
2697	0.082115
2720	0.075545
2770	0.071535
2837	0.087116
2855	0.080625
2869	0.075017
2928	0.083319
2949	0.058952
2955	0.086299
3027	0.069678
3107	0.074493
3149	0.074862
3194	0.074424
3258	0.067581
3278	0.061912
3367	0.083812
3368	0.064258
3376	0.073228
3402	0.069569
3505	0.10819
3577	0.080446
3613	0.07566
3614	0.072701
3626	0.073516
3632	0.076072
3658	0.070699
3678	0.07731
3698	0.072446
3707	0.078978
3708	0.08185
3714	0.071084
3727	0.05895
3738	0.078578
3756	0.065068
3766	0.080028
3788	0.069847
3831	0.065461
3833	0.082634
3854	0.07759
3880	0.07913
3918	0.066894
3944	0.063694
3984	0.071805
4024	0.0695
4077	0.067416
4081	0.080614
4116	0.075491
4182	0.078397
4194	0.071746
4199	0.072426
4204	0.071239
4211	0.06411
4234	0.078499
4242	0.065717
4310	0.081564
4387	0.075691
4418	0.060042
4443	0.065547
4521	0.076646
4651	0.082133
4664	0.066552
4673	0.071864
4703	0.06711
4715	0.073332
4724	0.07112
4766	0.069669
4826	0.064906
4827	0.079126
4836	0.087469
4852	0.069915
4864	0.07864
4868	0.061464
4885	0.075906
4930	0.07177
4949	0.06569
4970	0.065358
5050	0.080226
5055	0.067415
5067	0.079309
5088	0.073614
5196	0.071655
5224	0.069729
5229	0.078547
5240	0.083002
5288	0.083511
5300	0.065338
5376	0.077941
5385	0.080257
5420	0.073861
5491	0.068114
5497	0.079922
5500	0.060375
5529	0.076006
5598	0.075066
5600	0.065048
5647	0.069676
5696	0.082893
5700	0.079128
5723	0.080199
5751	0.08001
5790	0.071501
5980	0.082353
6038	0.068926
6109	0.077255
6244	0.082042
6284	0.061863
6385	0.083553
6459	0.082289
6520	0.075895
6522	0.0747
6534	0.076424
6606	0.066046
6624	0.076849
6650	0.080593
6651	0.08214
6695	0.072024
6792	0.068451
6813	0.067664
6891	0.067433
6893	0.076939
6898	0.070131
6920	0.076848
6922	0.074258
6944	0.065732
6958	0.078669
7050	0.065102
7060	0.069553
7073	0.070568
7115	0.076326
7148	0.086886
7154	0.078452
7178	0.074838
7297	0.079247
7315	0.071915
7361	0.073267
7373	0.081498
7403	0.109065
7435	0.078771
7482	0.078926
7483	0.08149
7492	0.081542
7571	0.066988
7601	0.088943
7621	0.083323
7722	0.088147
7751	0.095305
7753	0.082814
7772	0.084265
7785	0.068484
7787	0.074846
7809	0.067918
7966	0.067244
8011	0.07324
8012	0.110173
8013	0.109878
8016	0.081515
8018	0.096907
8125	0.105248
8142	0.098097
8149	0.086823
8154	0.080697
8171	0.103811
8227	0.094135
8259	0.084888
8269	0.088769
8342	0.070352
8347	0.076447
8379	0.062858
8498	0.072996
8562	0.081183
8645	0.080192
8651	0.083416
8681	0.075095
8708	0.071903
8754	0.07348
8776	0.075464
8822	0.071049
8833	0.070036
8872	0.083674
8900	0.084523
8974	0.079733
9005	0.081345
9014	0.082437
9015	0.06148
9044	0.092439
9123	0.081841
9132	0.06802
9142	0.059639
9190	0.085595
9203	0.08412
9238	0.077244
9245	0.080497
9305	0.090669
9320	0.06612
9347	0.081436
9355	0.072449
9371	0.083444
9377	0.079248
9390	0.069629
9457	0.080289
9479	0.083606
9503	0.083655
9505	0.082749
9516	0.081385
9536	0.072158
9555	0.073611
9556	0.074645
9583	0.082969
9586	0.067361
9590	0.079859
9738	0.081829
9751	0.078592
9755	0.085456
9818	0.077257
9859	0.083105
9882	0.071904
9906	0.068468
9937	0.084903
10035	0.070307
10046	0.073002
10057	0.073057
10058	0.082219
10066	0.071429
10155	0.071806
10180	0.076014
10228	0.073405
10285	0.072854
10326	0.077751
10385	0.074672
10387	0.059276
10403	0.060634
10431	0.084598
10470	0.067746
10589	0.064932
10600	0.068912
10605	0.0674
10629	0.076445
10659	0.062246
10738	0.065913
10773	0.073565
10813	0.06577
10827	0.068876
10841	0.073514
10844	0.068592
10866	0.065991
10871	0.077407
10872	0.067665
10875	0.075767
10979	0.084236
10991	0.079716
11017	0.085565
11028	0.079064
11098	0.07385
11155	0.072001
11161	0.082944
11186	0.078536
11263	0.062872
11302	0.07618
11333	0.071243
11334	0.07397
11343	0.077133
11349	0.072107
11362	0.081293
11391	0.075688
11410	0.069129
11421	0.082753
11453	0.080667
11497	0.076169
11509	0.071834
11521	0.074812
11527	0.086532
11539	0.071575
11603	0.078386
11624	0.072149
11625	0.074872
11649	0.070191
11711	0.068485
11713	0.075248
11723	0.075436
11797	0.057287
11875	0.074116
11914	0.082764
11944	0.078701
11964	0.066411
12005	0.074278
12008	0.083213
12015	0.067192
12046	0.066301
12101	0.080571
12148	0.080658
12175	0.082002
12181	0.07879
12223	0.069456
12261	0.072659
12458	0.076507
12464	0.084823
12503	0.078923
12513	0.075117
12538	0.077082
12572	0.073361
12602	0.077754
12651	0.080352
12686	0.079232
12734	0.061311
12735	0.082439
12740	0.071749
12800	0.070177
12815	0.083011
12818	0.075606
12823	0.08463
12878	0.078293
12896	0.065546
12903	0.066251
12914	0.077423
12923	0.081626
12967	0.073246
13008	0.075256
13101	0.071651
13104	0.070748
13105	0.06992
13169	0.084285
13194	0.071367
13257	0.07479
13260	0.079929
13311	0.071767
13343	0.073893
13359	0.079683
13393	0.072915
13413	0.076595
13516	0.077271
13597	0.069416
13624	0.071315
13639	0.065002
13649	0.070822
13658	0.070975
13688	0.05971
13709	0.080934
13729	0.067237
13768	0.074842
13769	0.070622
13789	0.083331
13863	0.075771
13975	0.078919
13978	0.068469
13996	0.072387
14048	0.062798
14064	0.070419
14084	0.080782
14144	0.074256
14159	0.064037
14180	0.066682
14265	0.068172
14287	0.078301
14288	0.083355
14295	0.072205
14310	0.065439
14464	0.076789
14475	0.059817
14480	0.077147
14519	0.082908
14527	0.067704
14541	0.073837
14563	0.067801
14573	0.071436
14621	0.077058
14646	0.080353
14771	0.075886
14776	0.066483
14817	0.081027
14935	0.069426
14959	0.075912
14969	0.081621
14973	0.067279
14977	0.07076
15114	0.079252
15139	0.074135
15223	0.066477
15278	0.080008
15310	0.072791
15370	0.072822
15402	0.087808
15403	0.076738
15560	0.085121
15583	0.06175
15610	0.066816
15630	0.075381
15743	0.066722
15751	0.076541
15768	0.069561
15785	0.074803
15790	0.057129
15799	0.081023
15874	0.081805
15915	0.070513
15925	0.084966
15943	0.080478
16047	0.081973
16069	0.070665
16089	0.066035
16096	0.073646
16137	0.078044
16169	0.07257
16171	0.064054
16229	0.06675
16269	0.081727
16316	0.083734
16320	0.072986
16359	0.062567
16371	0.057111
16391	0.080364
16408	0.066288
16433	0.086257
16436	0.078866
16538	0.064154
16544	0.073387
16553	0.065342
16559	0.084301
16572	0.071094
16667	0.077236
16692	0.077983
16769	0.071283
16772	0.069356
16838	0.07039
16851	0.079074
16906	0.079675
16924	0.08683
16937	0.07493
17014	0.079677
17021	0.078928
17076	0.078944
17086	0.07993
17122	0.082405
17131	0.07937
17177	0.06789
17252	0.065743
17260	0.080767
17264	0.076316
17287	0.077468
17334	0.073254
17336	0.07947
17351	0.082921
17362	0.073575
17370	0.071894
17374	0.070914
17447	0.071052
17495	0.063773
17536	0.071751
17592	0.075279
17625	0.068033
17663	0.067393
17693	0.071501
17718	0.070737
17740	0.08338
17773	0.058492
17813	0.079209
17831	0.082774
17858	0.065396
17873	0.07107
17969	0.066327
18044	0.065918
18059	0.080255
18101	0.067355
18145	0.06897
18171	0.078
18174	0.066061
18220	0.068465
18221	0.080752
18237	0.068833
18298	0.079017
18312	0.07114
18325	0.079484
18399	0.058771
18407	0.07605
18444	0.07241
18494	0.067747
18510	0.075622
18577	0.05958
18586	0.074055
18595	0.078142
18601	0.070767
18698	0.08235
18706	0.068327
18747	0.08567
18769	0.075318
18791	0.071434
18839	0.075313
18855	0.070197
18862	0.08484
18885	0.086275
18915	0.08137
18946	0.066128
19005	0.066635
19040	0.062151
19067	0.078311
19079	0.083143
19135	0.086636
19200	0.068307
19233	0.074641
19240	0.080746
19288	0.067699
19295	0.077815
19364	0.069384
19369	0.071624
19490	0.073493
19535	0.061121
19591	0.087486
19606	0.070624
19631	0.067379
19676	0.065259
19709	0.075324
19797	0.066292
19830	0.067678
19849	0.076558
19871	0.067348
19923	0.075178
19931	0.083933
19975	0.070628
20018	0.070337
20019	0.082499
20045	0.076136
20050	0.067643
20073	0.079334
20080	0.065882
20087	0.066746
20108	0.071481
20113	0.075236
20120	0.079522
20141	0.077275
20173	0.077585
20238	0.071547
20259	0.073445
20388	0.059571
20400	0.066728
20432	0.079691
20488	0.082076
20489	0.073608
20502	0.074378
20557	0.069666
20631	0.081703
20645	0.079572
20665	0.064184
20727	0.068018
20757	0.081585
20768	0.068405
20780	0.082677
20839	0.074932
20869	0.074856
20879	0.07135
20924	0.082546
20961	0.068209
20973	0.076609
20997	0.063834
21097	0.072381
21107	0.066611
21124	0.072994
21130	0.084255
21145	0.069111
21200	0.076437
21203	0.07895
21225	0.077041
21239	0.080913
21258	0.090097
21284	0.087589
21299	0.077566
21300	0.073583
21302	0.071201
21307	0.08963
21319	0.08024
21405	0.068621
21439	0.079273
21442	0.061899
21513	0.069822
21529	0.08291
21589	0.077119
21598	0.081498
21602	0.071191
21626	0.068636
21668	0.071893
21682	0.072104
21708	0.079533
21714	0.063013
21738	0.065564
21759	0.076718
21775	0.060354
21799	0.074317
21803	0.081905
21849	0.086726
21947	0.082318
21973	0.073607
21988	0.077978
21996	0.068239
22022	0.074898
22031	0.082195
22073	0.071711
22093	0.071393
22106	0.063428
22116	0.074044
22143	0.07238
22176	0.070537
22197	0.06928
22202	0.056554
22231	0.071355
22264	0.079592
22351	0.070473
22353	0.066094
22359	0.066999
22367	0.076849
22400	0.073072
22417	0.083038
22533	0.075234
22598	0.077152
22607	0.086523
22642	0.076323
22715	0.075504
22764	0.068724
22791	0.076211
22828	0.062979
22859	0.074182
22891	0.075454
22897	0.071232
22907	0.064549
22908	0.076375
22927	0.071908
22928	0.082482
22942	0.086277
22967	0.069271
23073	0.080199
23093	0.071049
23096	0.08179
23108	0.074607
23141	0.068206
23153	0.073392
23157	0.071572
23211	0.070536
23224	0.072185
23234	0.081706
23253	0.068561
23263	0.072908
23305	0.083606
23324	0.068131
23332	0.072886
23337	0.080805
23398	0.057648
23404	0.080433
23450	0.067928
23452	0.08384
23551	0.081134
23573	0.089704
23581	0.070013
23715	0.078105
23736	0.071649
23757	0.069061
23774	0.074184
23777	0.068253
23810	0.067451
23920	0.067627
23958	0.073633
23973	0.083622
23996	0.070657
24112	0.072983
24120	0.06866
24251	0.056892
24260	0.073083
24310	0.066358
24333	0.057826
24344	0.076723
24351	0.084183
24433	0.065087
24462	0.071488
24471	0.067092
24478	0.071576
24491	0.071593
24526	0.075291
24587	0.076281
24615	0.072381
24618	0.076243
24652	0.06792
24654	0.068069
24658	0.069777
24660	0.081133
24711	0.081584
24729	0.067591
24749	0.072613
24775	0.074374
24789	0.06263
24793	0.054974
24887	0.07803
24950	0.077212
24990	0.075342
25005	0.070933
25019	0.06441
25122	0.078022
25136	0.062517
25284	0.090576
25296	0.080667
25300	0.077129
25310	0.064665
25349	0.065528
25354	0.066891
25392	0.074754
25452	0.072809
25489	0.071389
25495	0.071226
25507	0.087147
25536	0.079528
25542	0.064625
25572	0.069053
25676	0.068737
25710	0.089734
25811	0.067564
25813	0.06955
25831	0.075505
25867	0.053875
25931	0.074741
25998	0.073343
26001	0.082628
26032	0.078696
26043	0.06167
26094	0.077825
26106	0.08024
26139	0.072273
26146	0.078027
26189	0.077618
26326	0.066339
26367	0.060125
26377	0.070358
26380	0.081089
26498	0.089445
26538	0.076016
26597	0.074537
26676	0.074747
26695	0.077427
26718	0.074259
26732	0.073784
26749	0.061565
26759	0.082396
26788	0.069307
26818	0.079594
26820	0.062461
26824	0.066998
26844	0.073567
26872	0.07445
26876	0.06001
26887	0.070418
27027	0.077684
27118	0.08077
27246	0.083101
27303	0.071798
27345	0.082465
27372	0.080569
27376	0.081021
27384	0.073158
27473	0.066183
27475	0.09098
27497	0.072811
27551	0.082601
27553	0.072462
27639	0.084317
27984	0.083826
28122	0.073273
28129	0.074719
28133	0.084734
28153	0.081266
28252	0.076096
28261	0.080451
28280	0.066863
28298	0.074805
28314	0.084275
28394	0.073037
28409	0.080608
28461	0.058399
28468	0.083544
28520	0.068483
28548	0.077358
28590	0.06119
28657	0.067268
28676	0.090754
28680	0.077328
28683	0.080721
28687	0.060435
28719	0.076451
28815	0.077482
28919	0.069757
28949	0.078687
28974	0.082936
28987	0.069396
29112	0.075127
29229	0.067023
29334	0.05655
29406	0.07392
29447	0.065299
29452	0.077932
29497	0.081372
29529	0.062079
29662	0.074598
29670	0.074757
29731	0.066084
29879	0.073543
29897	0.078304
29970	0.066643
30018	0.077855
30035	0.071467
30126	0.062762
30155	0.065142
30208	0.064699
30219	0.078027
30254	0.069413
30333	0.076089
30408	0.068674
30435	0.069137
30478	0.068285
30504	0.076658
30558	0.075652
30594	0.079734
30614	0.074269
30674	0.075323
30711	0.069993
30729	0.079892
30747	0.07443
30784	0.083771
30786	0.076092
30806	0.081235
30905	0.06562
30931	0.069887
30940	0.070626
30970	0.075681
30989	0.078402
31006	0.065469
31027	0.072306
31097	0.076507
31099	0.068691
31127	0.072673
31128	0.06545
31129	0.081067
31208	0.070517
31250	0.073202
31275	0.079965
31286	0.072007
31377	0.078801
31379	0.092825
31441	0.064552
31451	0.084574
31472	0.080601
31513	0.07187
31541	0.080578
31573	0.075709
31682	0.0793
31695	0.079854
31795	0.073003
31834	0.07616
31917	0.111857
31942	0.079527
32003	0.076962
32005	0.0787
32022	0.074276
32024	0.081426
32026	0.07716
32061	0.083757
32063	0.073081
32150	0.086172
32224	0.085584
32226	0.063318
32245	0.073183
32317	0.077758
32332	0.077785
32338	0.066089
32357	0.078874
32391	0.077284
32495	0.068145
32512	0.077154
32526	0.07123
32606	0.074576
32641	0.058351
32644	0.069653
32652	0.081282
32666	0.069055
32697	0.076564
32718	0.078837
32732	0.074816
32759	0.076752
32777	0.077188
32806	0.071563
32855	0.073197
32871	0.073374
32878	0.076472
32879	0.070408
32935	0.079492
32944	0.079563
32989	0.073898
33015	0.083194
33021	0.064185
33051	0.065622
33115	0.071579
33118	0.067683
33175	0.061986
33180	0.069809
33186	0.077913
33245	0.069294
33336	0.079792
33391	0.081304
33475	0.078788
33479	0.082289
33494	0.068679
33603	0.08019
33637	0.080339
33661	0.067175
33745	0.070746
33815	0.067497
33861	0.080954
33929	0.067171
33967	0.06068
34026	0.059334
34058	0.076579
34173	0.073941
34199	0.075918
34246	0.080334
34314	0.067061
34317	0.072819
34321	0.083441
34326	0.082605
34328	0.082454
34347	0.081946
34387	0.077216
34404	0.079194
34511	0.069169
34516	0.080158
34626	0.074805
34694	0.08635
34778	0.06886
34788	0.065388
34790	0.087373
34791	0.071153
34797	0.076781
34803	0.080585
34810	0.080971
34842	0.08089
34888	0.081598
34962	0.080361
34979	0.071282
34996	0.074933
35011	0.068602
35111	0.088791
35132	0.066676
35145	0.071503
35239	0.07714
35296	0.068944
35300	0.078568
35315	0.077254
35318	0.067778
35335	0.079188
35414	0.079933
35445	0.078673
35448	0.079759
35475	0.071287
35553	0.080449
35606	0.078755
35674	0.073989
35686	0.074151
35690	0.080368
35700	0.063133
35711	0.074135
35714	0.065344
35726	0.063293
35775	0.08287
35816	0.075062
35843	0.077502
35852	0.069529
35878	0.080304
35894	0.074156
35909	0.084018
35950	0.069866
36056	0.069861
36065	0.077648
36080	0.079009
36094	0.083018
36097	0.06633
36161	0.077244
36185	0.078719
36220	0.082387
36241	0.073117
36345	0.076165
36371	0.079501
36487	0.078415
36523	0.071315
36652	0.080544
36702	0.070047
36785	0.081184
36829	0.078174
36872	0.083747
36905	0.081504
36939	0.073548
36945	0.065639
36971	0.089462
37056	0.067681
37057	0.077314
37088	0.080016
37152	0.073493
37164	0.068183
37382	0.068533
37385	0.083688
37498	0.072423
37546	0.071898
37561	0.060072
37595	0.076329
37633	0.057231
37666	0.069541
37682	0.076147
37725	0.07166
37733	0.076666
37813	0.066376
37925	0.078144
37953	0.069976
38157	0.073759
38251	0.08041
38291	0.073719
38298	0.073774
38349	0.08071
38383	0.060087
38408	0.08307
38412	0.078817
38514	0.076563
38527	0.076866
38636	0.072449
38662	0.069996
38728	0.069875
38768	0.078883
38771	0.076719
38778	0.082424
38795	0.084267
38811	0.064687
38845	0.084588
38857	0.08518
38894	0.078652
39021	0.071681
39092	0.080182
39118	0.063019
39152	0.075582
39180	0.070639
39186	0.079916
39208	0.075426
39230	0.073785
39364	0.073279
39377	0.071783
39404	0.077565
39407	0.079895
39499	0.067942
39628	0.079363
39699	0.084601
39708	0.070135
39814	0.060838
39868	0.074922
39898	0.069407
39899	0.082506
39921	0.074448
39934	0.069911
39936	0.066856
39969	0.08318
39977	0.058222
40011	0.081957
40033	0.076453
40085	0.079689
40127	0.068769
40155	0.072671
40178	0.070584
40282	0.081693
40302	0.078786
40306	0.067449
40342	0.066585
40364	0.072261
40380	0.078898
40424	0.08452
40437	0.084325
40445	0.080566
40467	0.077633
40484	0.066376
40591	0.081244
40633	0.075979
40714	0.080731
40730	0.074874
40786	0.085681
40802	0.086047
40818	0.068715
40842	0.075539
40853	0.064541
40854	0.084636
40857	0.084322
40859	0.058336
40880	0.071097
40891	0.078598
41020	0.074617
41028	0.061538
41043	0.0838
41045	0.080802
41049	0.078028
41064	0.081855
41094	0.079462
41123	0.071986
41150	0.074013
41176	0.066703
41181	0.069897
41182	0.07106
41268	0.076986
41269	0.071131
41299	0.069484
41338	0.067748
41398	0.074596
41457	0.066767
41496	0.074149
41561	0.070404
41607	0.077202
41644	0.082199
41707	0.068831
41713	0.077464
41731	0.068007
41758	0.083764
41779	0.081844
41936	0.079173
41959	0.086015
41984	0.076236
41991	0.070536
41995	0.082186
42003	0.069677
42036	0.07123
42073	0.074033
42100	0.084061
42110	0.073359
42138	0.068532
42176	0.069174
42179	0.078566
42322	0.064529
42325	0.067541
42328	0.076437
42330	0.08715
42334	0.078424
42342	0.060969
42367	0.079376
42399	0.064488
42418	0.074006
42433	0.063761
42441	0.076723
42513	0.077782
42515	0.07412
42520	0.070801
42524	0.087086
42597	0.084653
42631	0.080559
42648	0.071917
42662	0.07755
42717	0.074817
42720	0.06527
42762	0.071195
42763	0.071975
42792	0.066834
42856	0.081666
42906	0.066016
42983	0.072557
43120	0.071371
43149	0.072078
43173	0.063975
43187	0.075209
43210	0.073899
43217	0.067741
43320	0.084518
43393	0.065815
43410	0.071388
43441	0.065881
43444	0.071065
43523	0.058675
43527	0.070976
43533	0.074917
43662	0.070803
43663	0.082076
43719	0.084721
43754	0.076303
43760	0.07149
43823	0.0655
43840	0.068076
43863	0.072941
43881	0.071009
43888	0.074298
43889	0.076404
43922	0.067538
44056	0.075565
44065	0.074994
44069	0.070531
44081	0.075664
44149	0.076158
44154	0.073654
44168	0.085924
44227	0.070773
44263	0.077087
44279	0.081486
44331	0.075135
44338	0.082515
44377	0.079841
44384	0.072259
44391	0.069373
44399	0.079086
44456	0.073877
44605	0.07448
44633	0.072026
44678	0.072164
44700	0.075217
44702	0.067504
44712	0.084099
44742	0.07721
44762	0.065643
44772	0.083181
44800	0.073636
44823	0.086006
44884	0.064437
44887	0.070105
44889	0.066921
44900	0.07013
44901	0.067009
44908	0.073665
44917	0.070049
44953	0.065641
44979	0.074648
44993	0.066145
45026	0.071544
45068	0.07989
45077	0.066088
45127	0.068074
45145	0.069871
45150	0.081546
45160	0.084355
45198	0.072052
45228	0.076406
45235	0.0635
45329	0.075253
45350	0.078174
45385	0.08562
45415	0.079567
45418	0.07392
45505	0.070855
45515	0.080611
45572	0.067257
45728	0.081675
45819	0.067045
45846	0.067803
45865	0.065348
45904	0.072797
45910	0.07877
45933	0.07166
45950	0.071077
45955	0.083753
45993	0.068642
46008	0.075974
46030	0.069749
46038	0.074349
46079	0.072506
46188	0.081851
46279	0.066787
46324	0.065501
46360	0.083143
46381	0.077421
46393	0.067025
46483	0.069841
46494	0.076061
46537	0.083162
46552	0.064883
46554	0.078739
46613	0.070886
46649	0.068433
46719	0.076532
46738	0.070059
46771	0.065316
46792	0.070947
46797	0.070542
46807	0.069938
46809	0.070708
46907	0.077111
46986	0.074784
47012	0.079607
47066	0.080856
47077	0.077339
47093	0.061242
47118	0.082904
47143	0.067477
47147	0.076012
47365	0.056775
47460	0.088148
47505	0.086218
47515	0.074888
47525	0.069788
47602	0.07954
47635	0.08274
47653	0.085844
47662	0.078881
47689	0.079868
47739	0.068614
47740	0.073049
47799	0.081336
47823	0.075728
47839	0.073613
47847	0.080628
47856	0.074587
47874	0.0699
47876	0.082096
47882	0.073451
47924	0.084257
47938	0.074933
47961	0.067302
47989	0.07621
47992	0.071706
47996	0.057255
47997	0.077832
48005	0.083084
48027	0.074666
48036	0.071459
48041	0.064769
48051	0.080927
48059	0.069463
48145	0.072341
48179	0.078647
48229	0.0657
48261	0.063768
48361	0.070971
48480	0.065412
48509	0.070551
48524	0.060657
48597	0.070662
48614	0.068153
48653	0.070982
48716	0.060479
48748	0.067402
48823	0.072142
48847	0.063763
48901	0.069921
49008	0.064965
49009	0.081748
49010	0.076563
49019	0.069981
49020	0.085604
49083	0.075316
49111	0.068887
49122	0.082965
49129	0.07924
49172	0.069345
49181	0.071722
49192	0.068029
49237	0.077308
49275	0.071625
49361	0.083537
49371	0.078529
49389	0.078796
49419	0.070937
49506	0.072273
49520	0.079837
49528	0.077474
49610	0.065832
49658	0.066519
49662	0.069289
49664	0.086004
49669	0.0715
49678	0.074273
49718	0.060575
49774	0.064138
49799	0.08802
49846	0.078786
49879	0.069541
49915	0.079195
49916	0.069467
49983	0.076006
50042	0.074847
50048	0.070491
50051	0.067457
50056	0.069147
50058	0.073234
50094	0.070133
50158	0.066235
50183	0.071534
50208	0.066226
50227	0.085158
50363	0.069091
50364	0.070699
50400	0.083932
50433	0.060668
50491	0.064555
50623	0.059831
50661	0.079021
50709	0.084712
50720	0.07178
50759	0.074267
50768	0.070564
50778	0.087162
50799	0.08348
50802	0.079446
51014	0.082207
51055	0.087501
51058	0.0783
51062	0.083494
51067	0.0694
51077	0.075214
51088	0.082962
51134	0.085035
51135	0.07715
51154	0.080968
51161	0.075493
51208	0.074681
51229	0.071095
51246	0.069277
51267	0.07779
51295	0.069191
51351	0.068904
51420	0.084542
51430	0.088482
51449	0.081206
51492	0.085308
51510	0.075199
51574	0.069473
51591	0.082133
51601	0.074121
51634	0.073581
51654	0.070166
51763	0.079432
51770	0.084355
51780	0.074507
51794	0.073022
51812	0.079586
51814	0.07446
51825	0.067342
51852	0.077779
51964	0.089431
51974	0.092136
52015	0.072373
52073	0.073069
52099	0.061924
52114	0.077937
52165	0.083679
52183	0.064082
52212	0.094362
52239	0.096791
52255	0.083417
52260	0.085186
52361	0.101724
52365	0.083729
52386	0.102957
52432	0.089363
52450	0.091236
52487	0.077876
52523	0.078068
52564	0.078339
52629	0.088792
52648	0.085676
52649	0.084272
52661	0.087599
52663	0.080354
52747	0.077986
52753	0.0725
52776	0.090478
52784	0.088688
52796	0.089091
52803	0.059962
52858	0.084265
52911	0.078187
52952	0.082019
53021	0.070616
53031	0.087932
53056	0.082138
53059	0.071572
53189	0.079676
53205	0.070387
53215	0.077338
53254	0.066077
53280	0.069489
53342	0.055171
53375	0.08601
53394	0.072314
53409	0.07735
53433	0.075071
53467	0.079857
53484	0.088352
53494	0.074406
53546	0.081171
53555	0.07189
53577	0.055995
53655	0.077615
53664	0.088187
53665	0.074104
53672	0.080466
53705	0.086477
53719	0.067904
53781	0.066727
53798	0.068388
53840	0.075222
53848	0.074633
53872	0.072661
53925	0.07557
53983	0.077884
54020	0.080036
54047	0.075179
54077	0.090427
54090	0.081661
54113	0.079253
54132	0.076348
54133	0.067633
54134	0.068106
54136	0.065244
54157	0.069502
54214	0.066532
54257	0.070307
54346	0.069535
54387	0.062616
54391	0.067267
54392	0.065489
54487	0.066871
54516	0.077588
54541	0.058908
54581	0.074383
54588	0.067419
54601	0.073565
54625	0.071175
54744	0.0774
54752	0.071785
54818	0.075004
54830	0.077257
54856	0.070618
54889	0.067176
54917	0.074778
54918	0.080763
54926	0.056615
54955	0.066494
55032	0.080545
55065	0.068431
55069	0.080351
55175	0.061752
55185	0.075105
55201	0.081723
55202	0.070769
55203	0.07101
55210	0.07391
55231	0.076997
55289	0.066187
55291	0.080065
55328	0.068719
55330	0.069097
55335	0.070675
55347	0.078724
55367	0.067273
55377	0.067794
55413	0.075467
55453	0.080118
55458	0.074938
55465	0.060922
55509	0.075227
55516	0.076883
55557	0.079173
55588	0.076737
55617	0.082139
55660	0.06825
55678	0.078382
55735	0.068341
55780	0.066727
55784	0.080355
55813	0.079634
55894	0.081488
55905	0.076616
55920	0.071929
55958	0.080409
55966	0.061881
56001	0.07516
56084	0.0712
56086	0.086795
56122	0.065605
56171	0.081633
56225	0.063036
56248	0.070214
56274	0.083212
56329	0.075512
56367	0.077056
56417	0.058611
56450	0.060323
56452	0.082838
56486	0.066407
56494	0.083172
56545	0.07897
56630	0.074376
56683	0.066956
56696	0.071141
56716	0.073389
56780	0.061713
56828	0.073956
56849	0.076102
56885	0.073372
56915	0.06057
56945	0.077653
56964	0.056243
57061	0.070933
57120	0.068012
57137	0.071321
57175	0.080612
57177	0.078281
57215	0.057461
57249	0.085493
57287	0.067761
57288	0.089046
57343	0.073466
57351	0.069503
57420	0.077061
57458	0.080081
57504	0.069703
57526	0.075396
57528	0.066207
57560	0.068248
57629	0.078798
57637	0.077492
57658	0.06752
57670	0.059232
57699	0.06698
57701	0.080023
57749	0.069287
57760	0.072613
57768	0.069053
57797	0.065737
57822	0.077976
57828	0.076501
57939	0.073358
58006	0.074176
58045	0.07315
58096	0.072686
58129	0.077857
58130	0.072542
58160	0.083375
58170	0.081759
58194	0.078628
58216	0.068093
58245	0.074311
58253	0.058292
58257	0.07145
58292	0.084382
58313	0.083848
58334	0.068496
58349	0.078929
58388	0.079704
58425	0.083094
58460	0.081228
58484	0.067929
58537	0.084642
58639	0.087219
58669	0.079431
58685	0.058398
58732	0.077944
58751	0.075004
58774	0.088705
58785	0.070815
58803	0.067959
58908	0.081658
58911	0.068296
58925	0.069183
58943	0.071818
58956	0.067752
58990	0.066988
58996	0.067181
59013	0.071802
59088	0.084967
59117	0.076432
59139	0.084188
59169	0.077792
59186	0.081628
59195	0.071535
59200	0.079201
59234	0.07756
59266	0.072691
59301	0.080092
59332	0.085227
59400	0.071469
59410	0.083388
59431	0.06648
59457	0.073897
59477	0.078435
59515	0.070097
59579	0.081578
59593	0.07895
59604	0.076878
59658	0.070557
59661	0.080501
59867	0.073457
60008	0.089119
60035	0.063366
60039	0.083985
60064	0.071874
60114	0.07404
60156	0.072974
60167	0.068996
60177	0.089422
60212	0.075467
60238	0.069638
60299	0.075294
60311	0.080158
60313	0.088246
60324	0.084866
60350	0.05739
60361	0.071488
60393	0.071522
60471	0.074347
60475	0.074588
60476	0.079069
60498	0.064509
60502	0.081499
60518	0.077979
60554	0.081105
60680	0.055671
60689	0.066828
60701	0.084322
60717	0.072277
60729	0.063651
60743	0.07108
60754	0.073631
60798	0.055989
60814	0.070077
60821	0.069963
60841	0.068157
60874	0.062489
60897	0.074457
60902	0.073402
60936	0.069203
61075	0.080456
61128	0.070584
61130	0.082065
61134	0.077241
61149	0.075768
61167	0.07708
61177	0.073915
61195	0.075129
61218	0.075409
61223	0.068789
61358	0.067611
61369	0.068408
61412	0.077084
61453	0.071269
61553	0.078253
61656	0.083452
61853	0.057177
61863	0.077989
61930	0.079543
61962	0.069098
61994	0.077746
62006	0.078278
62030	0.08701
62088	0.082707
62095	0.070708
62114	0.070889
62116	0.06959
62127	0.071165
62186	0.071735
62239	0.065683
62248	0.0785
62273	0.088903
62294	0.083249
62309	0.07883
62339	0.073729
62340	0.075996
62343	0.066988
62431	0.055273
62435	0.079429
62485	0.081821
62559	0.07776
62577	0.066727
62631	0.078645
62742	0.06783
62745	0.083426
62754	0.069076
62776	0.089071
62816	0.060759
62821	0.064234
62897	0.075206
62922	0.079499
62988	0.08476
63085	0.078918
63093	0.069281
63094	0.070671
63117	0.071379
63176	0.075746
63178	0.083428
63186	0.077134
63243	0.06261
63350	0.069533
63398	0.080149
63424	0.076059
63454	0.074787
63480	0.069224
63596	0.076647
63637	0.074643
63647	0.080204
63651	0.070585
63655	0.0755
63728	0.066929
63747	0.064283
63755	0.082727
63794	0.072067
63831	0.080304
63855	0.067641
63888	0.067132
63915	0.08279
63930	0.075518
63948	0.069871
63998	0.071954
64109	0.075837
64115	0.073414
64195	0.068604
64267	0.081401
64275	0.060941
64313	0.080302
64330	0.078579
64334	0.067193
64359	0.077309
64417	0.067248
64426	0.074553
64473	0.068816
64586	0.067961
64643	0.072294
64662	0.066989
64679	0.070401
64764	0.074583
64845	0.06614
64871	0.066789
64956	0.078421
64963	0.066332
64972	0.07392
65066	0.079455
65181	0.077018
65182	0.077934
65184	0.080483
65233	0.065115
65241	0.066333
65244	0.081547
65246	0.067088
65266	0.082515
65298	0.06321
65305	0.065479
65436	0.078877
65554	0.074517
65571	0.081026
65588	0.078932
65659	0.075906
65677	0.056571
65716	0.072556
65736	0.073402
65746	0.076475
65857	0.086016
65877	0.06542
65924	0.069032
65955	0.071791
65980	0.073704
65989	0.072265
65990	0.069657
66029	0.071491
66046	0.082189
66087	0.084277
66163	0.077442
66166	0.07381
66271	0.081825
66319	0.055236
66421	0.074927
66444	0.082966
66451	0.069964
66464	0.087793
66472	0.078015
66486	0.078657
66630	0.063035
66641	0.066754
66644	0.072096
66666	0.069445
66698	0.067096
66748	0.069642
66752	0.078442
66775	0.076582
66814	0.073853
66833	0.080828
66854	0.071562
66855	0.068191
66874	0.0684
66964	0.080189
67017	0.072853
67053	0.0713
67115	0.075081
67153	0.075424
67204	0.077662
67246	0.067051
67314	0.066699
67328	0.064163
67352	0.075615
67465	0.072973
67483	0.065284
67488	0.075099
67489	0.078556
67495	0.069842
67538	0.079676
67556	0.065814
67571	0.08109
67692	0.072167
67722	0.080101
67736	0.079746
67750	0.073968
67798	0.076275
67826	0.082945
67833	0.064621
67851	0.073199
67884	0.083324
67969	0.068147
67977	0.073171
67985	0.083537
68005	0.078786
68019	0.069143
68051	0.079577
68057	0.070933
68064	0.083838
68106	0.071153
68109	0.061141
68113	0.081664
68158	0.075239
68194	0.070371
68208	0.071896
68240	0.078236
68275	0.071897
68289	0.070877
68323	0.081135
68357	0.057649
68393	0.060621
68416	0.074954
68430	0.079742
68452	0.067063
68460	0.077374
68522	0.071546
68536	0.06082
68555	0.070125
68562	0.070974
68620	0.078881
68691	0.07201
68716	0.079797
68788	0.083824
68837	0.078246
68886	0.074251
68897	0.084623
68904	0.073776
68956	0.07478
68966	0.073166
68973	0.074292
69114	0.072991
69176	0.081831
69182	0.085167
69216	0.073444
69241	0.071857
69273	0.072512
69287	0.08047
69324	0.07446
69328	0.077345
69386	0.071892
69415	0.080426
69445	0.070676
69461	0.090966
69479	0.076308
69489	0.072477
69574	0.060814
69578	0.071066
69585	0.076701
69595	0.068308
69675	0.07608
69767	0.075169
69815	0.080029
69824	0.071917
69928	0.0729
69950	0.07849
70034	0.07117
70054	0.071365
70231	0.074455
70239	0.077485
70244	0.080534
70309	0.07434
70339	0.061991
70343	0.07415
70393	0.077466
70394	0.083529
70453	0.06987
70475	0.071908
70510	0.067976
70518	0.069704
70556	0.071194
70560	0.077521
70619	0.065938
70693	0.078974
70714	0.068441
70742	0.083316
70748	0.067779
70755	0.078829
70777	0.081811
70789	0.068254
70800	0.067835
70902	0.074896
70916	0.074217
70957	0.070145
70974	0.08282
70978	0.06221
71012	0.06327
71066	0.067429
71070	0.068964
71083	0.078045
71086	0.066035
71175	0.076298
71213	0.067178
71224	0.070676
71235	0.081846
71252	0.061889
71258	0.07708
71353	0.079616
71360	0.084793
71406	0.056713
71487	0.076643
71491	0.082751
71503	0.068723
71538	0.075869
71554	0.073322
71555	0.069229
71585	0.077074
71589	0.07017
71668	0.086088
71717	0.066297
71718	0.079075
71727	0.057237
71749	0.074495
71750	0.078974
71777	0.084914
71922	0.076146
71978	0.079736
72006	0.069065
72043	0.079712
72045	0.086972
72050	0.074458
72060	0.082916
72077	0.072693
72126	0.065275
72177	0.070392
72201	0.0787
72253	0.074917
72258	0.074379
72259	0.087156
72263	0.079575
72308	0.075658
72320	0.08409
72350	0.075983
72443	0.077299
72454	0.068353
72470	0.063999
72509	0.058774
72518	0.070331
72578	0.064651
72591	0.072287
72603	0.073366
72611	0.072357
72680	0.080231
72683	0.061237
72699	0.074759
72792	0.069717
72798	0.06699
72992	0.083
73004	0.082455
73008	0.074345
73019	0.068903
73025	0.076222
73031	0.077297
73044	0.063152
73057	0.07331
73103	0.074969
73155	0.076748
73164	0.079024
73175	0.087112
73178	0.065968
73221	0.076575
73264	0.07018
73267	0.069099
73298	0.081836
73375	0.078037
73409	0.070289
73414	0.084292
73427	0.076207
73479	0.081033
73539	0.077794
73579	0.070658
73592	0.076769
73613	0.069707
73622	0.072356
73625	0.077012
73631	0.078704
73639	0.073226
73650	0.066995
73744	0.068417
73756	0.069556
73798	0.076668
73826	0.070705
73845	0.066907
73874	0.087431
73903	0.072144
73920	0.084868
73961	0.080309
73983	0.069756
74049	0.071324
74112	0.075333
74206	0.074946
74236	0.072656
74295	0.072694
74303	0.071841
74310	0.069249
74313	0.067203
74389	0.076675
74395	0.079494
74477	0.077123
74518	0.073925
74597	0.068882
74638	0.072929
74708	0.068646
74713	0.057539
74744	0.070065
74746	0.06904
74812	0.08365
74825	0.070462
74828	0.077878
74874	0.077705
74885	0.077688
74950	0.065924
75037	0.080056
75058	0.081874
75064	0.072047
75125	0.068028
75155	0.078554
75170	0.070103
75198	0.083015
75257	0.074932
75308	0.076642
75327	0.081705
75352	0.077461
75422	0.076343
75436	0.075
75443	0.06564
75459	0.072529
75461	0.083239
75485	0.069932
75495	0.075263
75543	0.062509
75592	0.083249
75606	0.080662
75632	0.070772
75661	0.071795
75732	0.065837
75753	0.081755
75771	0.075653
75801	0.068138
75817	0.078579
75880	0.069441
75897	0.072562
75933	0.073803
75958	0.072999
75966	0.078384
75986	0.071673
75996	0.06217
75999	0.072702
76050	0.064372
76162	0.076027
76177	0.066346
76179	0.087695
76198	0.076596
76210	0.073292
76232	0.054878
76234	0.069252
76239	0.069782
76244	0.06591
76270	0.066005
76271	0.065768
76310	0.077191
76315	0.075357
76329	0.070646
76330	0.074507
76340	0.077106
76383	0.074043
76518	0.08607
76632	0.076545
76731	0.082943
76733	0.066206
76789	0.085108
76852	0.072847
76867	0.078637
76999	0.079953
77009	0.07972
77013	0.083607
77014	0.074835
77031	0.060997
77050	0.05689
77091	0.08264
77106	0.083955
77145	0.067873
77188	0.061083
77238	0.07022
77281	0.06747
77326	0.072429
77332	0.06038
77409	0.075517
77432	0.083667
77434	0.062335
77456	0.075556
77554	0.07216
77582	0.062726
77604	0.07574
77679	0.076769
77682	0.074225
77694	0.073799
77727	0.078849
77786	0.076548
77805	0.078595
77828	0.090518
77911	0.077821
78018	0.075841
78024	0.080254
78055	0.075547
78142	0.077115
78143	0.080208
78148	0.080298
78166	0.067164
78167	0.082091
78213	0.071514
78264	0.082908
78305	0.075051
78312	0.085785
78315	0.089762
78337	0.072834
78383	0.075947
78407	0.060969
78469	0.078304
78482	0.068749
78493	0.06848
78548	0.07741
78561	0.080206
78565	0.065776
78613	0.074365
78668	0.083652
78680	0.077627
78693	0.068717
78777	0.070607
78807	0.057628
78823	0.078634
78934	0.081011
78997	0.077736
79067	0.077667
79086	0.078225
79158	0.075733
79170	0.073706
79179	0.072639
79215	0.082527
79244	0.070779
79246	0.083611
79269	0.079303
79280	0.080451
79327	0.077382
79342	0.090727
79360	0.092629
79363	0.076039
79382	0.071835
79472	0.08131
79534	0.065035
79556	0.072693
79623	0.075414
79663	0.061733
79769	0.078547
79804	0.083443
79819	0.08557
79842	0.073226
79850	0.071532
79946	0.065767
80121	0.065837
80125	0.06253
80199	0.083116
80227	0.07812
80245	0.080922
80277	0.077804
80295	0.077228
80365	0.080035
80393	0.067697
80415	0.076909
80432	0.080312
80460	0.084846
80468	0.076555
80499	0.07601
80506	0.074811
80513	0.08353
80526	0.068348
80591	0.069186
80597	0.079374
80633	0.075214
80663	0.071552
80672	0.071346
80676	0.074965
80744	0.07531
80747	0.078599
80810	0.076658
80857	0.077852
80879	0.083326
80882	0.08703
80905	0.079524
80913	0.070019
80921	0.071296
80923	0.073775
80971	0.065964
81005	0.069274
81018	0.064398
81152	0.058111
81224	0.082082
81241	0.07782
81297	0.076153
81320	0.084085
81354	0.079606
81361	0.075153
81368	0.07453
81381	0.080845
81392	0.081475
81439	0.079021
81445	0.071072
81458	0.080127
81477	0.067791
81490	0.068898
81522	0.06751
81552	0.087958
81612	0.066184
81635	0.080305
81668	0.07057
81701	0.070411
81713	0.074386
81733	0.075119
81739	0.076346
81784	0.085051
81808	0.079588
81871	0.085017
81876	0.08976
81883	0.076692
81904	0.080757
81964	0.069953
81992	0.072868
82000	0.074598
82141	0.088369
82231	0.078702
82240	0.073665
82349	0.077691
82410	0.081684
82500	0.076288
82523	0.082465
82598	0.07926
82646	0.077138
82673	0.081694
82684	0.089195
82688	0.074908
82713	0.081093
82720	0.082194
82754	0.082478
82758	0.079425
82787	0.067943
82811	0.07
82817	0.068142
82826	0.081215
82828	0.074165
82897	0.07072
82946	0.065252
82983	0.074905
83005	0.077558
83108	0.068734
83139	0.0981
83174	0.084931
83196	0.069798
83228	0.072499
83348	0.055064
83366	0.070729
83379	0.069124
83386	0.080945
83445	0.06735
83458	0.078493
83489	0.079839
83543	0.086609
83566	0.087127
83568	0.060996
83620	0.071024
83644	0.066236
83665	0.07997
83674	0.072917
83711	0.080361
83725	0.077116
83735	0.06754
83751	0.073064
83769	0.067788
83802	0.078991
83811	0.079979
83832	0.06632
83922	0.079954
83927	0.061934
83982	0.070734
84026	0.077713
84032	0.082783
84055	0.062708
84072	0.069325
84110	0.071391
84123	0.056084
84149	0.070374
84178	0.075485
84188	0.069131
84245	0.075514
84247	0.068603
84261	0.075451
84411	0.076365
84531	0.079566
84609	0.068389
84632	0.072233
84657	0.081542
84771	0.081044
84802	0.085572
84811	0.078982
84851	0.073653
84865	0.064283
84910	0.072432
84945	0.074203
85008	0.069476
85010	0.068879
85075	0.066827
85083	0.069122
85085	0.076132
85095	0.062774
85108	0.079386
85183	0.071333
85223	0.075637
85264	0.082475
85322	0.078377
85372	0.077785
85384	0.06413
85412	0.078815
85470	0.069129
85478	0.072154
85484	0.072343
85487	0.080715
85502	0.080066
85541	0.068709
85550	0.076726
85569	0.077971
85581	0.080497
85624	0.084912
85641	0.073484
85672	0.066907
85721	0.06974
85749	0.065513
85784	0.069519
85875	0.056951
85882	0.069723
85886	0.070249
85897	0.078377
85902	0.07743
85910	0.078694
86056	0.071215
86081	0.072353
86091	0.08681
86105	0.081492
86174	0.088871
86196	0.066631
86201	0.067945
86217	0.067289
86230	0.071492
86238	0.064427
86271	0.074788
86299	0.063865
86364	0.08791
86384	0.077513
86427	0.070228
86450	0.071868
86454	0.076736
86496	0.077651
86519	0.072486
86623	0.074186
86644	0.070651
86670	0.075076
86767	0.07671
86808	0.078003
86854	0.081153
86861	0.069277
86880	0.077517
86882	0.085932
86904	0.06747
87022	0.07327
87053	0.073842
87070	0.070086
87090	0.069479
87121	0.071212
87124	0.070495
87279	0.077264
87284	0.060716
87286	0.070081
87300	0.068378
87323	0.079878
87336	0.079051
87365	0.073601
87387	0.082141
87400	0.070273
87459	0.078762
87478	0.076218
87502	0.067867
87628	0.083302
87636	0.076835
87737	0.087881
87771	0.063512
87806	0.065649
87824	0.065424
87910	0.064456
87920	0.07304
87979	0.069296
87980	0.06815
88043	0.078173
88053	0.077688
88080	0.070696
88081	0.073215
88108	0.079705
88164	0.064413
88214	0.071747
88241	0.073469
88245	0.07499
88266	0.079998
88353	0.072294
88386	0.080374
88388	0.072329
88414	0.084047
88497	0.086222
88522	0.073636
88544	0.061814
88614	0.079196
88680	0.068233
88726	0.077461
88730	0.072711
88764	0.078759
88815	0.075837
88827	0.071107
88885	0.069363
88890	0.05936
88923	0.069827
88955	0.068324
88993	0.065537
89000	0.077373
89002	0.083698
89054	0.063171
89090	0.069799
89137	0.064679
89147	0.07149
89214	0.078366
89270	0.066306
89348	0.073103
89358	0.062759
89381	0.06671
89479	0.075117
89554	0.084251
89618	0.069372
89628	0.066102
89732	0.071719
89736	0.071802
89761	0.067865
89818	0.071161
89828	0.078213
89830	0.077692
89847	0.074201
89853	0.075815
89953	0.078939
90004	0.072289
90062	0.079635
90157	0.073153
90159	0.074019
90168	0.085281
90170	0.056933
90229	0.085349
90277	0.081118
90278	0.080867
90281	0.082379
90360	0.076566
90391	0.076102
90426	0.079144
90447	0.076269
90479	0.05777
90489	0.076771
90572	0.067492
90665	0.076518
90674	0.06424
90688	0.069115
90855	0.058597
90874	0.081501
90878	0.078421
90897	0.05939
90914	0.076826
91009	0.057579
91035	0.056566
91103	0.071078
91117	0.067739
91132	0.079217
91135	0.066556
91138	0.066992
91210	0.076637
91223	0.082259
91237	0.080254
91247	0.072861
91287	0.069215
91296	0.069574
91311	0.080056
91327	0.087764
91337	0.086021
91382	0.068877
91407	0.075566
91439	0.068451
91449	0.081457
91531	0.078846
91548	0.070868
91579	0.073147
91581	0.0788
91612	0.072161
91629	0.071718
91655	0.075716
91689	0.080915
91753	0.081619
91804	0.070592
91855	0.067245
91884	0.058439
91937	0.06939
92015	0.068434
92086	0.077352
92125	0.074722
92250	0.072262
92260	0.07803
92301	0.075431
92312	0.069752
92341	0.07496
92418	0.069731
92468	0.077151
92478	0.075492
92520	0.068682
92597	0.08132
92675	0.07127
92701	0.076634
92745	0.079961
92765	0.071997
92781	0.058435
92831	0.086267
92844	0.078713
92869	0.074831
92888	0.068442
92899	0.080443
92905	0.073024
92911	0.079413
92962	0.05541
92976	0.086863
92999	0.088199
93036	0.078891
93047	0.079576
93067	0.072002
93118	0.076845
93135	0.082518
93187	0.069561
93230	0.06769
93274	0.06283
93287	0.068268
93330	0.076981
93394	0.084515
93446	0.066725
93461	0.072016
93474	0.06766
93502	0.082599
93520	0.080061
93533	0.083724
93622	0.069277
93669	0.069883
93677	0.076617
93750	0.075338
93789	0.08581
93800	0.078576
93840	0.084903
93880	0.076613
93913	0.079811
93947	0.069258
93962	0.079107
93988	0.078912
93991	0.076287
94018	0.078366
94058	0.078772
94087	0.069752
94092	0.06129
94095	0.072779
94117	0.071657
94155	0.076296
94158	0.068363
94208	0.081206
94215	0.075128
94276	0.079803
94303	0.07076
94312	0.070312
94334	0.069346
94341	0.077292
94463	0.064435
94474	0.057195
94479	0.073597
94487	0.071421
94531	0.078159
94538	0.071523
94575	0.074613
94630	0.076741
94633	0.079245
94721	0.073244
94726	0.067783
94803	0.068106
94825	0.074894
94848	0.073335
94899	0.078798
94905	0.067511
94986	0.08113
95026	0.065077
95052	0.076316
95096	0.085615
95108	0.076139
95169	0.065238
95193	0.078349
95249	0.066561
95265	0.078592
95398	0.066968
95404	0.077226
95418	0.08714
95438	0.066092
95479	0.069138
95508	0.074747
95534	0.074982
95536	0.06872
95605	0.070517
95725	0.06971
95734	0.068492
95744	0.078063
95834	0.073226
95845	0.068428
95902	0.063967
95970	0.071198
95978	0.069098
96022	0.075799
96051	0.066905
96054	0.070225
96146	0.081558
96307	0.074086
96313	0.081781
96357	0.082586
96400	0.071399
96439	0.080943
96490	0.083545
96492	0.076102
96557	0.072058
96573	0.062949
96666	0.078974
96676	0.067272
96718	0.073732
96774	0.077065
96790	0.080715
96916	0.071492
96952	0.075686
96959	0.066105
96970	0.067307
96976	0.084302
96978	0.067744
96994	0.076171
97002	0.08146
97067	0.063127
97157	0.076216
97192	0.085536
97231	0.076202
97233	0.074085
97241	0.080741
97247	0.07601
97255	0.061723
97292	0.06918
97372	0.067892
97376	0.057412
97418	0.070295
97427	0.074866
97530	0.080662
97535	0.063883
97540	0.073212
97630	0.075533
97664	0.074266
97703	0.071682
97782	0.077237
97807	0.079638
97817	0.080137
97875	0.076732
97900	0.073485
97913	0.083433
97918	0.066653
97946	0.075907
97947	0.079697
97949	0.060898
97991	0.068976
98010	0.070337
98037	0.072557
98102	0.077395
98299	0.087695
98359	0.087981
98365	0.060353
98373	0.069947
98379	0.075505
98385	0.083989
98421	0.080624
98453	0.077486
98532	0.080767
98566	0.070122
98574	0.07781
98581	0.081586
98587	0.081454
98621	0.068161
98667	0.078853
98712	0.079955
98778	0.063927
98822	0.072386
98833	0.07024
98839	0.078309
98856	0.074526
98886	0.078243
98956	0.078322
98986	0.076281
98990	0.076322
99022	0.072703
99096	0.076993
99124	0.078706
99157	0.070152
99207	0.071716
99221	0.064826
99265	0.080473
99295	0.05598
99301	0.070988
99338	0.075849
99362	0.077829
99375	0.079926
99386	0.078125
99608	0.07205
99616	0.078905
99683	0.069526
99697	0.0734
99743	0.063894
99804	0.075322
99813	0.066977
99855	0.064088
99865	0.070998
99873	0.070839
99893	0.082788
99924	0.0774
99936	0.081551
99959	0.070505
100020	0.074152
100065	0.079312
100173	0.066058
100174	0.055503
100176	0.084271
100246	0.079341
100351	0.080359
100382	0.083324
100391	0.081995
100463	0.072943
100496	0.076383
100634	0.069864
100641	0.066414
100642	0.069628
100671	0.064795
100690	0.083092
100702	0.070917
100704	0.077374
100710	0.077447
100739	0.086755
100767	0.080847
100804	0.078431
100825	0.069641
100945	0.084696
100987	0.067338
101006	0.075843
101050	0.078784
101080	0.060708
101108	0.069717
101127	0.077064
101128	0.072693
101143	0.065117
101168	0.080168
101215	0.070098
101233	0.08483
101262	0.08065
101273	0.077336
101292	0.067274
101343	0.065637
101367	0.080449
101368	0.080814
101403	0.07931
101499	0.0838
101520	0.084711
101603	0.062582
101653	0.070153
101675	0.060953
101704	0.074361
101771	0.057265
101864	0.072869
101881	0.076842
101978	0.078081
101985	0.062951
102007	0.075548
102021	0.078249
102055	0.0663
102085	0.066376
102110	0.073932
102156	0.079449
102190	0.068882
102222	0.071041
102232	0.069115
102279	0.080039
102287	0.08021
102294	0.082518
102313	0.071518
102370	0.069442
102382	0.070637
102397	0.068727
102448	0.073068
102452	0.070539
102467	0.07104
102472	0.058711
102493	0.054822
102502	0.064131
102519	0.074274
102599	0.066668
102608	0.079238
102696	0.064712
102729	0.072455
102776	0.0757
102862	0.068194
102965	0.068025
102971	0.06635
103034	0.081477
103101	0.078879
103136	0.067594
103168	0.082093
103184	0.067966
103213	0.074757
103280	0.071316
103285	0.068583
103310	0.079608
103352	0.06757
103389	0.084147
103391	0.064914
103400	0.081481
103493	0.076626
103500	0.072688
103557	0.075925
103597	0.075868
103643	0.058317
103650	0.089001
103654	0.077958
103670	0.075516
103723	0.08212
103724	0.072433
103748	0.068745
103771	0.076529
103793	0.077753
103830	0.084458
103846	0.068388
104016	0.080894
104034	0.072295
104072	0.085627
104079	0.073066
104087	0.085903
104182	0.069624
104192	0.074
104267	0.068501
104268	0.076425
104322	0.071336
104345	0.059207
104366	0.073235
104405	0.074311
104418	0.070416
104462	0.070719
104469	0.067975
104478	0.078313
104496	0.078369
104503	0.069825
104507	0.074307
104519	0.076327
104525	0.087701
104617	0.072294
104639	0.071657
104651	0.080219
104693	0.070061
104702	0.086091
104713	0.08513
104715	0.083262
104744	0.074423
104762	0.088463
104846	0.070277
104873	0.079843
104912	0.069398
104949	0.069462
104977	0.066017
105015	0.083865
105084	0.076962
105124	0.071608
105138	0.073197
105168	0.081187
105183	0.069503
105191	0.073541
105273	0.07077
105277	0.066867
105278	0.085015
105322	0.073356
105329	0.075296
105377	0.073814
105378	0.08155
105386	0.077313
105399	0.072964
105440	0.084982
105469	0.087935
105478	0.069461
105516	0.070327
105548	0.069897
105558	0.075903
105562	0.077245
105594	0.065906
105596	0.065544
105605	0.065914
105650	0.072053
105670	0.072522
105698	0.067495
105707	0.072738
105725	0.068311
105742	0.066774
105784	0.069372
105795	0.079724
105839	0.07883
105901	0.072183
105915	0.082304
105924	0.067693
105930	0.086921
106023	0.069988
106072	0.074081
106146	0.073549
106149	0.076122
106164	0.071678
106212	0.068467
106218	0.062415
106283	0.069946
106319	0.064015
106406	0.068867
106428	0.0702
106454	0.074343
106473	0.076675
106517	0.078715
106536	0.077153
106556	0.084928
106582	0.078483
106632	0.085716
106647	0.076868
106650	0.077138
106664	0.075184
106686	0.077754
106715	0.072209
106765	0.067168
106856	0.074471
106931	0.071436
106949	0.072429
106970	0.079017
106974	0.065706
107009	0.084129
107054	0.077174
107072	0.083601
107095	0.073833
107163	0.085866
107183	0.085865
107202	0.071286
107203	0.084094
107205	0.077456
107239	0.083402
107301	0.073013
107358	0.080897
107369	0.076449
107381	0.080614
107396	0.07945
107437	0.08488
107474	0.087467
107486	0.089736
107494	0.079065
107539	0.078052
107569	0.079429
107656	0.084298
107765	0.080728
107794	0.07679
107839	0.075137
107864	0.067085
107925	0.067052
107931	0.075514
107954	0.056622
107997	0.083065
108013	0.07394
108058	0.066948
108122	0.072753
108178	0.067172
108220	0.084803
108267	0.071126
108341	0.064514
108367	0.058398
108441	0.066666
108445	0.076222
108490	0.068487
108525	0.071259
108528	0.076911
108535	0.07777
108538	0.076823
108544	0.065786
108547	0.077281
108550	0.079898
108559	0.087482
108574	0.076466
108578	0.068922
108583	0.058079
108596	0.067418
108625	0.077905
108627	0.055843
108649	0.075258
108692	0.056846
108694	0.067282
108696	0.068295
108713	0.080859
108770	0.075531
108787	0.077756
108831	0.070821
108885	0.06542
108900	0.077349
108907	0.071095
108920	0.081098
108952	0.081863
108970	0.081563
108979	0.067187
109003	0.073471
109040	0.073021
109069	0.075917
109095	0.079124
109096	0.072179
109114	0.07405
109143	0.074891
109243	0.072172
109316	0.064495
109343	0.079224
109367	0.077355
109374	0.065529
109394	0.08022
109398	0.067847
109399	0.065978
109458	0.073087
109478	0.055279
109505	0.0774
109560	0.076914
109585	0.067718
109650	0.071053
109673	0.080854
109677	0.07903
109701	0.06213
109726	0.067163
109736	0.070701
109740	0.069282
109815	0.082486
109832	0.080495
109866	0.080455
109886	0.079372
109996	0.067486
110005	0.07205
110028	0.078727
110036	0.071236
110046	0.082232
110110	0.070355
110153	0.0839
110154	0.071955
110162	0.076867
110166	0.079148
110171	0.073229
110205	0.079193
110223	0.080676
110230	0.074116
110246	0.068745
110252	0.080647
110313	0.081689
110345	0.073413
110392	0.078922
110402	0.082723
110412	0.057621
110447	0.075294
110465	0.076318
110484	0.065992
110615	0.069558
110625	0.069637
110679	0.070025
110694	0.075864
110749	0.065672
110794	0.082992
110818	0.069218
110835	0.088149
110845	0.069998
110938	0.068041
110957	0.079423
111006	0.074861
111063	0.077977
111170	0.068905
111171	0.072028
111190	0.07468
111246	0.076297
111255	0.067652
111281	0.084876
111305	0.0895
111331	0.055856
111337	0.06756
111405	0.070223
111473	0.077914
111544	0.05813
111568	0.064908
111585	0.079867
111591	0.072561
111642	0.080359
111672	0.072479
111688	0.065544
111737	0.075154
111871	0.063732
111913	0.068256
111917	0.074878
111948	0.063635
111965	0.0707
112063	0.073187
112094	0.079741
112099	0.074191
112170	0.066773
112193	0.07654
112203	0.069038
112227	0.071961
112228	0.081435
112306	0.076857
112338	0.07647
112392	0.071934
112401	0.074423
112548	0.076442
112551	0.069767
112601	0.055877
112631	0.074285
112713	0.073815
112821	0.082567
112827	0.077279
112842	0.083185
112849	0.070434
112923	0.077973
112941	0.077312
113096	0.078261
113154	0.067338
113188	0.083411
113190	0.071506
113207	0.07837
113210	0.083513
113235	0.076681
113266	0.06628
113281	0.069926
113332	0.083389
113333	0.057217
113379	0.070449
113432	0.083791
113448	0.065706
113460	0.077871
113521	0.073231
113551	0.062491
113593	0.075193
113711	0.074196
113720	0.081192
113725	0.069506
113729	0.076971
113752	0.075526
113785	0.081401
113786	0.066513
113791	0.070243
113888	0.068396
113903	0.06855
113904	0.063469
113908	0.071479
113931	0.077482
113957	0.073601
114009	0.067196
114014	0.073771
114019	0.079634
114089	0.061521
114133	0.078976
114227	0.069279
114230	0.076633
114255	0.068046
114300	0.073418
114328	0.076805
114524	0.073084
114526	0.081618
114553	0.085696
114632	0.057057
114679	0.084881
114700	0.073328
114770	0.072566
114772	0.074904
114793	0.068289
114843	0.075
114850	0.07813
114868	0.069566
114919	0.067664
114926	0.068651
114932	0.088816
114989	0.061487
115096	0.079916
115150	0.083151
115208	0.068936
115215	0.075238
115220	0.075925
115224	0.065188
115262	0.075596
115281	0.071779
115296	0.079633
115337	0.081237
115351	0.077492
115369	0.074016
115381	0.080027
115391	0.083267
115415	0.083118
115426	0.069074
115544	0.064828
115578	0.065809
115584	0.074095
115586	0.070853
115588	0.085881
115607	0.068002
115644	0.067376
115672	0.06987
115686	0.072515
115697	0.075459
115728	0.066005
115766	0.077637
115778	0.072877
115807	0.079577
115853	0.072454
115898	0.074165
115978	0.071429
116029	0.082018
116092	0.088044
116132	0.098079
116160	0.082421
116236	0.076596
116242	0.079786
116378	0.073281
116412	0.077788
116458	0.083768
116467	0.093857
116479	0.075782
116518	0.092777
116639	0.086744
116640	0.082849
116664	0.084005
116670	0.070615
116689	0.095437
116820	0.082718
116827	0.094476
116833	0.07539
116839	0.0816
116874	0.09625
116879	0.096937
116899	0.099756
116910	0.086456
116922	0.105357
116952	0.074808
116957	0.114
116967	0.113092
117014	0.087152
117113	0.075177
117121	0.072343
117159	0.101606
117324	0.084565
117325	0.079148
117341	0.083007
117373	0.077202
117413	0.088463
117431	0.072656
117439	0.099957
117462	0.101086
117479	0.08683
117482	0.079831
117517	0.082387
117569	0.082328
117666	0.073389
117735	0.085884
117744	0.067875
117763	0.078467
117802	0.067224
117829	0.074322
117841	0.068426
117872	0.076126
117956	0.077535
117982	0.071208
118012	0.076397
118024	0.068339
118072	0.08627
118100	0.080882
118147	0.08011
118162	0.070161
118174	0.067809
118195	0.078431
118371	0.082891
118445	0.074951
118497	0.079223
118510	0.084961
118578	0.075876
118583	0.086131
118585	0.088526
118623	0.082594
118626	0.072597
118660	0.069188
118712	0.072648
118732	0.076618
118737	0.08209
118755	0.067456
118761	0.077911
118770	0.084908
118791	0.068439
118812	0.085076
118830	0.067719
118849	0.078919
118850	0.080675
118851	0.070179
118865	0.070083
118871	0.057625
118876	0.059545
118886	0.079053
118987	0.074232
119024	0.079158
119056	0.086698
119187	0.060042
119211	0.074798
119374	0.073494
119390	0.0718
119420	0.088053
119437	0.069998
119488	0.071181
119518	0.072953
119562	0.059081
119576	0.071308
119597	0.081311
119627	0.087215
119659	0.073317
119668	0.067744
119673	0.084472
119687	0.085633
119696	0.075772
119698	0.078549
119701	0.083393
119729	0.076606
119736	0.077763
119805	0.078982
119877	0.078434
119882	0.067754
119903	0.067507
119909	0.074229
119912	0.081439
119913	0.064833
119975	0.081364
120007	0.069615
120059	0.065533
120068	0.0777
120208	0.0642
120338	0.060573
120356	0.065148
120380	0.084459
120402	0.064888
120405	0.070727
120454	0.078782
120457	0.082173
120465	0.068171
120466	0.075446
120475	0.066982
120521	0.062212
120545	0.055065
120578	0.076512
120589	0.076758
120637	0.083738
120666	0.080834
120822	0.072597
120831	0.083426
120844	0.072393
120859	0.077334
120962	0.080739
121033	0.07056
121039	0.075335
121077	0.067725
121116	0.068178
121130	0.077693
121192	0.076078
121228	0.075089
121247	0.081316
121249	0.078668
121286	0.07446
121296	0.066765
121334	0.075631
121342	0.0748
121388	0.0803
121408	0.077089
121440	0.079575
121456	0.064393
121485	0.07084
121488	0.073921
121523	0.086506
121692	0.076586
121719	0.080261
121743	0.075997
121789	0.085388
121824	0.070825
121927	0.071518
121949	0.082124
121966	0.063529
121978	0.071046
122087	0.064298
122164	0.085819
122192	0.071657
122209	0.077351
122275	0.077543
122304	0.057333
122325	0.070352
122344	0.077945
122366	0.077783
122393	0.070985
122394	0.081393
122399	0.075737
122405	0.076079
122453	0.079028
122458	0.068728
122475	0.077071
122520	0.081435
122529	0.069508
122543	0.079385
122596	0.07529
122598	0.082237
122676	0.082173
122698	0.080803
122790	0.070243
122841	0.089349
122880	0.07893
122900	0.07748
122964	0.072749
123129	0.067864
123168	0.061161
123275	0.064183
123333	0.067994
123373	0.083228
123425	0.07961
123426	0.076505
123429	0.068183
123470	0.062796
123546	0.07484
123603	0.077811
123700	0.083299
123744	0.063428
123791	0.075675
123803	0.077098
123808	0.066942
123814	0.067935
123846	0.081488
123988	0.065462
124003	0.083809
124009	0.078309
124040	0.077355
124047	0.087754
124076	0.072654
124116	0.073632
124184	0.07647
124204	0.079713
124229	0.068815
124265	0.072423
124375	0.080324
124385	0.077826
124417	0.075165
124440	0.058383
124455	0.078779
124488	0.07354
124552	0.064764
124555	0.064487
124565	0.078721
124660	0.065581
124690	0.0691
124751	0.081886
124787	0.072461
124799	0.057142
124822	0.066118
124867	0.080849
124878	0.067835
124892	0.083356
124983	0.07856
125034	0.069135
125037	0.071509
125076	0.079261
125088	0.075825
125103	0.076163
125107	0.057918
125119	0.087389
125158	0.066224
125279	0.060954
125280	0.070297
125300	0.065742
125313	0.079906
125360	0.080993
125368	0.068649
125378	0.069783
125382	0.075289
125502	0.074741
125515	0.076461
125522	0.067309
125532	0.073762
125608	0.076401
125675	0.06992
125699	0.071753
125794	0.068308
125809	0.082286
125828	0.07472
125857	0.080636
125866	0.08387
125897	0.082587
125900	0.075974
125981	0.076466
125998	0.071589
126003	0.073142
126037	0.063313
126045	0.062328
126108	0.070751
126115	0.072695
126116	0.086063
126127	0.073016
126153	0.077431
126201	0.077384
126216	0.069915
126317	0.079941
126344	0.061399
126374	0.073268
126384	0.078403
126409	0.074116
126429	0.059413
126448	0.074337
126469	0.065398
126504	0.080342
126555	0.070549
126598	0.078342
126608	0.066348
126714	0.063339
126771	0.073138
126807	0.069247
126843	0.069167
126880	0.069329
126897	0.080858
126899	0.065792
126919	0.064714
126933	0.076316
126969	0.073963
127036	0.072988
127073	0.065992
127099	0.0692
127140	0.069901
127141	0.071211
127182	0.072976
127216	0.068307
127229	0.072515
127262	0.078605
127276	0.084477
127317	0.082783
127323	0.081852
127380	0.083214
127385	0.071506
127417	0.07313
127420	0.075418
127489	0.071723
127502	0.081716
127553	0.07446
127554	0.069072
127555	0.082855
127584	0.084498
127619	0.080703
127634	0.072372
127680	0.063638
127692	0.072849
127703	0.073689
127726	0.075017
127809	0.069519
127831	0.082153
127844	0.074183
127852	0.083207
127859	0.065017
127870	0.071121
127879	0.074774
127908	0.085793
127965	0.080728
128045	0.077788
128050	0.072507
128053	0.067012
128129	0.07846
128211	0.072899
128248	0.079942
128337	0.072128
128456	0.071929
128479	0.069944
128640	0.069546
128659	0.064281
128784	0.071504
128788	0.073732
128846	0.068022
128888	0.067893
128900	0.068399
128909	0.07619
128937	0.067787
128965	0.072396
128996	0.072313
129007	0.079551
129083	0.087128
129105	0.071007
129119	0.079284
129142	0.081981
129201	0.075907
129254	0.075922
129269	0.064227
129276	0.075979
129329	0.072235
129376	0.069184
129391	0.068671
129433	0.078234
129467	0.076382
129512	0.072876
129549	0.079193
129601	0.074141
129660	0.056154
129662	0.074435
129667	0.069268
129668	0.066103
129698	0.071039
129744	0.075979
129758	0.075642
129763	0.080363
129871	0.072647
129883	0.077423
129910	0.07627
129948	0.07531
129950	0.071656
129958	0.071613
129960	0.08104
129995	0.074577
129998	0.072286
130001	0.084093
130025	0.079433
130054	0.079183
130083	0.080048
130084	0.072454
130143	0.087022
130184	0.073148
130206	0.058228
130239	0.07057
130251	0.079217
130269	0.073137
130283	0.07305
130368	0.074831
130405	0.07739
130429	0.078634
130449	0.067736
130541	0.065107
130572	0.073377
130586	0.076659
130639	0.085716
130649	0.05779
130661	0.07175
130866	0.075683
130871	0.073044
130880	0.075912
130914	0.074007
130922	0.077893
130929	0.081442
130931	0.071654
130951	0.072748
131052	0.06805
131054	0.07993
131061	0.068861
131064	0.080079
131095	0.065722
131122	0.070684
131152	0.084001
131155	0.071382
131224	0.072037
131227	0.070687
131278	0.069369
131281	0.079114
131324	0.072103
131337	0.065551
131364	0.066055
131404	0.06755
131432	0.067636
131494	0.079542
131519	0.070581
131560	0.076771
131584	0.077976
131588	0.073046
131641	0.082698
131665	0.07629
131707	0.068074
131716	0.088766
131741	0.065749
131756	0.069057
131760	0.067503
131783	0.07062
131790	0.065656
131825	0.073827
131840	0.068387
131870	0.069859
131958	0.079335
131972	0.056623
132109	0.072098
132131	0.082055
132183	0.070128
132286	0.06818
132297	0.083026
132312	0.076505
132313	0.069784
132321	0.078922
132328	0.064881
132356	0.07359
132368	0.075537
132427	0.067498
132439	0.075321
132465	0.079873
132476	0.07206
132480	0.076904
132486	0.066746
132495	0.06924
132525	0.068721
132542	0.075837
132758	0.072652
132775	0.072309
132789	0.083145
132823	0.075562
132843	0.06978
132851	0.081057
132877	0.082749
132890	0.083406
132906	0.07821
132911	0.082429
132947	0.083257
133013	0.072782
133100	0.059566
133107	0.086139
133108	0.079705
133126	0.071393
133127	0.078305
133137	0.077539
133287	0.075743
133306	0.077872
133372	0.075782
133393	0.066065
133396	0.071153
133410	0.074456
133470	0.075196
133504	0.0647
133511	0.056612
133563	0.0723
133594	0.072309
133650	0.067686
133729	0.069562
133793	0.066925
133804	0.071085
133886	0.077825
133895	0.070363
133903	0.074765
133910	0.069929
133951	0.057091
133955	0.062674
133969	0.06911
133977	0.065885
134042	0.066427
134054	0.070354
134127	0.077131
134144	0.068243
134205	0.067348
134235	0.066285
134287	0.060052
134355	0.070887
134390	0.067597
134403	0.083907
134434	0.079627
134469	0.07762
134473	0.079779
134475	0.085714
134519	0.069184
134536	0.076472
134543	0.074812
134585	0.074206
134627	0.080551
134666	0.084637
134677	0.070034
134680	0.068916
134735	0.069814
134737	0.069609
134746	0.084172
134793	0.06758
134798	0.072836
134989	0.063469
134999	0.083765
135027	0.062754
135056	0.068167
135070	0.077624
135073	0.074015
135115	0.079335
135132	0.081217
135163	0.077303
135178	0.071004
135191	0.080271
135202	0.072141
135231	0.069026
135251	0.076499
135295	0.088056
135366	0.074279
135367	0.067206
135381	0.073658
135399	0.077846
135418	0.063705
135472	0.079762
135743	0.082467
135746	0.082408
135753	0.085407
135761	0.08771
135777	0.078332
135821	0.067433
135873	0.088755
135893	0.071725
135909	0.085409
135919	0.073025
135935	0.078691
136007	0.072874
136018	0.069431
136023	0.072713
136041	0.074371
136058	0.071607
136064	0.082482
136090	0.072711
136108	0.086892
136141	0.081048
136200	0.069702
136218	0.082737
136240	0.074525
136241	0.072715
136271	0.081331
136272	0.072758
136337	0.085359
136344	0.067082
136370	0.065371
136384	0.067247
136404	0.079044
136456	0.068432
136500	0.070144
136548	0.069501
136572	0.073695
136596	0.069917
136603	0.059119
136609	0.065201
136638	0.082322
136660	0.084339
136707	0.077259
136783	0.087399
136795	0.064534
136820	0.072344
136821	0.0675
136832	0.069269
136921	0.076352
136970	0.073246
137035	0.081072
137115	0.069257
137152	0.076824
137213	0.072918
137242	0.070918
137270	0.07128
137282	0.074733
137289	0.067792
137328	0.081928
137367	0.068135
137412	0.077254
137441	0.071702
137451	0.0677
137476	0.074376
137482	0.073393
137490	0.069205
137499	0.07361
137504	0.064932
137551	0.075238
137597	0.070038
137602	0.063031
137618	0.073065
137701	0.075577
137945	0.072299
138130	0.080189
138152	0.073692
138276	0.070802
138308	0.083674
138313	0.065441
138350	0.077613
138361	0.077363
138365	0.066892
138402	0.086036
138444	0.068339
138467	0.067713
138470	0.064948
138476	0.075148
138478	0.081477
138482	0.059706
138490	0.066631
138499	0.074018
138509	0.069405
138526	0.073043
138542	0.075495
138574	0.082369
138586	0.066526
138589	0.066044
138629	0.066014
138637	0.075914
138666	0.083656
138747	0.079738
138799	0.069498
138849	0.081613
138864	0.074027
138870	0.076449
138910	0.078948
138968	0.084936
139018	0.075237
139022	0.084024
139037	0.071961
139061	0.065759
139097	0.07451
139155	0.080401
139194	0.077461
139212	0.06636
139242	0.076569
139308	0.069522
139334	0.057636
139362	0.083647
139393	0.077473
139522	0.063763
139527	0.083351
139579	0.070972
139595	0.068374
139705	0.069344
139785	0.07389
139803	0.067313
139810	0.066782
139816	0.077037
139827	0.081057
139873	0.064114
139886	0.054112
139895	0.064718
139971	0.064411
140053	0.072777
140073	0.077163
140089	0.085234
140092	0.081604
140128	0.069679
140157	0.080211
140194	0.079556
140243	0.07932
140305	0.069673
140307	0.077618
140318	0.077854
140338	0.080884
140343	0.071548
140348	0.080228
140364	0.076157
140403	0.067716
140438	0.066508
140441	0.075088
140514	0.06741
140515	0.067221
140532	0.06562
140545	0.077058
140547	0.081468
140558	0.07146
140578	0.073497
140632	0.067626
140759	0.078889
140798	0.070166
140799	0.068097
140800	0.079137
140805	0.077688
140871	0.071734
140926	0.078922
141069	0.065691
141085	0.079619
141125	0.069476
141140	0.067175
141170	0.073776
141187	0.071398
141200	0.068105
141235	0.076932
141243	0.063021
141284	0.070146
141297	0.066477
141312	0.078646
141323	0.073324
141334	0.065667
141359	0.063843
141389	0.064688
141435	0.071887
141473	0.068897
141528	0.072217
141586	0.071137
141598	0.073133
141627	0.076916
141642	0.067186
141647	0.065634
141662	0.066371
141711	0.064959
141713	0.068316
141729	0.087059
141763	0.072047
141765	0.05327
141858	0.077724
141914	0.077358
141954	0.082511
142004	0.071093
142029	0.077267
142101	0.073194
142102	0.064737
142109	0.068203
142151	0.074498
142203	0.05931
142212	0.075835
142245	0.076544
142270	0.081972
142277	0.079869
142379	0.066491
142390	0.068485
142392	0.068178
142493	0.062911
142529	0.071665
142577	0.064894
142603	0.066336
142686	0.074227
142688	0.065605
142738	0.074627
142769	0.068861
142800	0.065794
142807	0.063424
142860	0.074254
142890	0.076025
142892	0.073017
143007	0.067991
143033	0.066834
143063	0.078812
143156	0.07622
143215	0.078396
143227	0.079532
143243	0.077865
143271	0.078805
143282	0.073598
143285	0.063097
143301	0.061214
143357	0.079566
143364	0.064263
143388	0.079148
143457	0.078897
143504	0.068428
143573	0.063022
143601	0.070833
143623	0.071696
143732	0.088138
143753	0.07619
143765	0.06973
143808	0.064616
143819	0.07193
143835	0.072314
143858	0.079557
143865	0.064623
143894	0.075326
143902	0.068495
143956	0.074296
144000	0.085066
144029	0.086895
144031	0.059069
144040	0.066339
144093	0.070185
144105	0.067619
144175	0.073286
144194	0.075458
144202	0.082514
144222	0.071726
144283	0.072411
144288	0.072366
144289	0.080006
144339	0.075773
144358	0.067095
144384	0.084355
144450	0.063648
144478	0.074625
144494	0.074068
144507	0.08116
144511	0.078626
144551	0.073557
144566	0.074959
144592	0.075063
144638	0.062069
144655	0.078795
144682	0.070744
144690	0.067143
144732	0.065631
144737	0.072123
144747	0.072022
144768	0.064091
144833	0.0676
144851	0.079896
144965	0.055396
144968	0.075277
144977	0.062441
145008	0.064128
145128	0.068423
145133	0.077641
145173	0.065055
145212	0.080147
145228	0.077834
145297	0.084549
145374	0.07156
145411	0.079576
145413	0.072829
145443	0.069442
145589	0.078701
145607	0.079115
145641	0.071201
145664	0.057978
145803	0.071864
145884	0.081146
145935	0.076309
145953	0.074386
145966	0.084166
145972	0.069582
145991	0.07366
145994	0.077936
146046	0.076795
146074	0.068454
146088	0.068167
146122	0.066232
146138	0.071723
146245	0.068572
146274	0.070423
146286	0.078519
146291	0.077594
146298	0.085341
146338	0.079003
146355	0.076181
146417	0.071637
146506	0.06848
146600	0.065348
146620	0.072894
146633	0.076477
146688	0.067392
146702	0.073749
146778	0.078801
146791	0.065956
146846	0.070643
146928	0.070424
146967	0.067916
147013	0.068476
147031	0.07804
147059	0.070365
147076	0.068433
147098	0.073567
147259	0.076953
147263	0.081638
147311	0.063381
147330	0.059766
147370	0.072285
147488	0.081523
147555	0.070619
147611	0.073675
147627	0.077681
147681	0.082913
147687	0.080626
147757	0.068085
147764	0.086278
147765	0.071371
147877	0.080112
147931	0.062672
147932	0.081781
147936	0.074498
148094	0.069549
148131	0.073216
148169	0.068865
148210	0.074428
148228	0.079788
148241	0.064317
148282	0.070196
148320	0.066513
148327	0.068167
148341	0.064784
148364	0.054524
148382	0.078105
148428	0.069667
148469	0.083853
148495	0.076577
148519	0.078078
148525	0.081148
148581	0.077847
148587	0.066891
148646	0.069571
148652	0.068784
148662	0.062063
148668	0.072765
148700	0.075289
148745	0.079061
148764	0.064349
148796	0.072927
148980	0.05809
149120	0.065561
149154	0.065849
149180	0.074123
149189	0.074994
149232	0.075549
149242	0.068721
149248	0.066847
149280	0.076996
149281	0.075986
149337	0.073138
149367	0.070744
149368	0.079989
149402	0.066314
149504	0.079659
149562	0.071054
149563	0.069399
149601	0.073713
149687	0.068277
149755	0.08358
149809	0.08275
149815	0.079243
149944	0.066265
149976	0.065265
150112	0.068017
150152	0.06872
150161	0.067399
150187	0.074222
150256	0.054216
150265	0.068425
150288	0.072084
150323	0.06617
150330	0.077524
150382	0.05989
150395	0.075023
150423	0.066219
150459	0.06252
150513	0.063247
150516	0.066494
150530	0.079469
150698	0.077474
150772	0.057716
150815	0.073087
150872	0.070471
150881	0.063099
150887	0.076084
150894	0.068423
150930	0.07704
150943	0.07339
150955	0.057879
151015	0.069052
151069	0.061984
151097	0.068812
151106	0.068966
151114	0.070416
151241	0.074685
151273	0.067031
151308	0.065713
151356	0.075984
151507	0.072472
151596	0.077995
151600	0.069947
151617	0.063241
151702	0.064193
151708	0.067796
151717	0.075698
151726	0.078211
151749	0.082763
151792	0.069895
151797	0.054002
151867	0.077645
151882	0.073459
151897	0.07727
151926	0.076322
151928	0.074987
151943	0.070454
151949	0.073357
152053	0.080361
152108	0.074013
152169	0.086396
152189	0.080396
152206	0.087642
152216	0.07251
152221	0.080264
152320	0.074861
152386	0.073942
152436	0.071783
152439	0.069724
152443	0.081402
152516	0.070717
152546	0.070188
152586	0.070158
152599	0.08024
152615	0.066784
152625	0.067641
152667	0.05709
152670	0.079861
152709	0.057678
152739	0.080798
152756	0.077982
152763	0.072762
152799	0.075083
152897	0.073371
152949	0.080101
152970	0.064769
153000	0.084713
153025	0.069517
153027	0.075897
153047	0.082495
153090	0.071924
153225	0.072596
153254	0.061209
153292	0.084935
153295	0.089954
153304	0.071135
153336	0.070934
153368	0.08046
153423	0.089086
153425	0.06914
153466	0.073629
153467	0.077183
153477	0.072762
153499	0.065847
153569	0.083197
153642	0.080041
153664	0.070232
153733	0.074673
153754	0.078373
153779	0.071305
153829	0.069805
153838	0.075694
153899	0.071876
153931	0.07052
153940	0.072009
153949	0.057418
153963	0.072951
153988	0.070174
153998	0.079401
154005	0.080343
154037	0.07579
154050	0.078581
154088	0.08622
154146	0.071235
154149	0.077136
154215	0.06585
154236	0.085629
154248	0.084713
154275	0.074968
154337	0.075339
154341	0.083557
154354	0.087442
154360	0.078081
154362	0.06848
154386	0.083076
154445	0.076203
154448	0.066476
154449	0.07994
154497	0.08092
154504	0.064549
154522	0.065691
154590	0.066378
154604	0.069922
154649	0.070963
154679	0.077165
154727	0.078203
154751	0.081008
154766	0.083269
154779	0.077154
154821	0.076832
154824	0.087449
154855	0.070226
154864	0.087032
154918	0.085337
154938	0.071325
154962	0.08692
154971	0.073182
155002	0.063777
155109	0.083177
155136	0.070769
155144	0.076454
155164	0.077208
155184	0.076227
155192	0.078554
155211	0.066605
155362	0.086971
155370	0.077341
155391	0.068212
155443	0.068763
155464	0.063727
155486	0.078932
155525	0.064618
155546	0.074359
155552	0.072989
155569	0.078942
155680	0.081255
155695	0.077435
155705	0.07575
155710	0.076977
155718	0.075983
155725	0.074011
155818	0.073635
155898	0.075189
155923	0.077301
155954	0.070124
155989	0.082923
156097	0.068089
156126	0.07088
156146	0.074867
156163	0.07251
156187	0.07307
156210	0.066766
156252	0.064977
156272	0.077652
156363	0.082172
156464	0.081621
156503	0.085393
156531	0.068108
156611	0.066351
156644	0.07812
156696	0.077666
156698	0.082392
156709	0.07107
156719	0.086675
156741	0.072237
156744	0.080945
156756	0.080279
156821	0.090327
156880	0.082873
156887	0.077541
156910	0.079827
156964	0.078532
157018	0.07437
157063	0.06781
157094	0.077909
157224	0.078081
157235	0.068602
157312	0.070413
157383	0.064979
157424	0.069523
157464	0.064763
157492	0.063226
157506	0.069003
157521	0.065637
157530	0.081119
157590	0.069987
157603	0.07209
157663	0.075028
157686	0.068664
157710	0.069248
157726	0.074728
157773	0.068234
157842	0.088537
157894	0.075188
157909	0.068413
157935	0.0626
157979	0.070346
158006	0.079266
158011	0.082233
158030	0.069153
158033	0.071094
158041	0.065776
158044	0.076484
158117	0.064281
158152	0.066647
158218	0.078591
158222	0.068993
158230	0.075644
158233	0.070498
158284	0.082895
158322	0.084969
158369	0.066711
158403	0.075754
158444	0.062209
158484	0.069895
158541	0.075912
158553	0.080547
158557	0.07814
158566	0.065198
158572	0.067827
158579	0.074547
158605	0.082902
158618	0.074712
158623	0.076582
158686	0.080992
158706	0.074196
158756	0.064545
158775	0.075697
158866	0.066119
159007	0.076602
159023	0.074829
159033	0.085082
159085	0.071807
159115	0.062697
159180	0.072546
159207	0.067673
159212	0.075636
159225	0.067553
159234	0.067717
159274	0.080071
159301	0.076758
159319	0.066104
159330	0.067097
159370	0.074908
159412	0.064728
159438	0.056126
159484	0.074708
159511	0.068923
159546	0.065717
159573	0.068885
159722	0.06328
159777	0.081472
159784	0.072926
159856	0.084296
159897	0.084886
159945	0.073181
159965	0.06889
159997	0.07893
160034	0.066757
160045	0.061576
160071	0.071449
160103	0.073513
160113	0.064796
160176	0.081092
160210	0.074897
160212	0.064458
160214	0.082986
160224	0.068938
160291	0.077348
160326	0.06545
160331	0.074471
160334	0.077994
160346	0.08066
160351	0.076672
160412	0.070402
160464	0.072549
160483	0.070293
160515	0.059166
160517	0.059012
160576	0.073658
160662	0.074124
160689	0.065686
160727	0.061298
160807	0.074636
160808	0.07398
160856	0.080789
160929	0.063966
160966	0.062201
160986	0.066434
161022	0.072816
161036	0.076833
161063	0.076896
161094	0.076059
161109	0.070323
161128	0.072095
161132	0.070882
161217	0.072374
161223	0.07172
161228	0.088557
161243	0.079934
161293	0.056218
161337	0.06943
161356	0.078752
161402	0.060068
161408	0.061132
161414	0.082342
161417	0.07457
161440	0.07306
161582	0.080747
161586	0.087686
161599	0.077286
161613	0.080742
161636	0.067606
161640	0.065294
161663	0.06956
161669	0.073403
161743	0.070859
161811	0.07823
161847	0.073794
161917	0.067221
161932	0.078553
161941	0.070223
161944	0.055671
162015	0.073637
162060	0.082738
162064	0.075019
162094	0.06665
162100	0.065514
162193	0.072901
162281	0.066091
162332	0.080913
162352	0.067553
162353	0.066909
162365	0.065546
162389	0.069888
162394	0.069853
162425	0.075624
162426	0.074863
162463	0.079564
162514	0.091568
162517	0.089282
162595	0.084085
162600	0.071474
162606	0.075353
162666	0.086603
162685	0.078222
162691	0.071366
162719	0.084107
162740	0.081344
162857	0.069556
162929	0.080183
162963	0.074665
163052	0.076168
163060	0.06098
163068	0.081366
163076	0.074666
163095	0.067166
163161	0.10176
163172	0.096665
163187	0.074447
163262	0.087534
163287	0.072641
163313	0.073486
163322	0.085967
163331	0.104362
163354	0.084905
163374	0.090068
163380	0.072252
163463	0.085132
163475	0.08491
163489	0.069454
163532	0.091194
163552	0.076735
163608	0.070464
163621	0.07589
163624	0.072655
163627	0.074545
163699	0.073451
163701	0.075977
163719	0.064516
163824	0.073469
163847	0.093026
163848	0.085322
163875	0.069935
163964	0.109423
163970	0.112985
163979	0.08808
164045	0.080216
164079	0.076115
164161	0.096514
164167	0.072557
164210	0.09772
164253	0.098213
164272	0.087857
164307	0.076216
164314	0.065822
164365	0.083956
164402	0.084423
164421	0.074884
164468	0.09253
164487	0.068702
164538	0.064286
164542	0.068305
164596	0.085414
164621	0.075175
164626	0.070727
164663	0.080342
164711	0.077716
164721	0.0677
164760	0.076077
164808	0.071041
164819	0.083337
164867	0.071969
164890	0.069806
164901	0.082791
164905	0.072825
164996	0.057335
165000	0.069484
165041	0.067087
165046	0.070149
165053	0.075396
165101	0.060259
165107	0.058259
165214	0.08017
165233	0.07217
165280	0.081221
165308	0.078868
165320	0.065826
165342	0.076302
165344	0.081423
165365	0.056754
165427	0.076157
165431	0.084434
165467	0.076149
165490	0.071626
165522	0.075509
165525	0.056594
165591	0.071248
165610	0.072639
165618	0.068741
165712	0.0665
165715	0.074315
165717	0.058784
165733	0.070287
165736	0.071254
165739	0.071218
165765	0.077689
165767	0.068107
165778	0.079251
165814	0.07734
165848	0.079536
165889	0.081264
165895	0.066939
165989	0.068632
165992	0.073627
166062	0.068761
166094	0.072802
166118	0.077178
166142	0.073172
166147	0.073538
166159	0.079485
166215	0.07272
166223	0.067312
166275	0.071561
166293	0.073902
166313	0.07879
166363	0.084299
166400	0.075909
166435	0.08641
166461	0.072558
166463	0.080191
166475	0.074895
166487	0.078498
166523	0.086826
166559	0.070715
166623	0.082449
166630	0.076435
166686	0.071584
166706	0.080724
166718	0.076015
166724	0.070771
166749	0.078225
166810	0.073486
166847	0.076968
166849	0.08508
166859	0.078013
166907	0.084835
166909	0.081792
166918	0.060423
166931	0.081171
167061	0.080717
167086	0.057256
167091	0.064774
167109	0.065899
167114	0.065872
167118	0.071302
167131	0.076327
167167	0.068956
167191	0.076166
167261	0.05861
167263	0.070227
167301	0.066114
167320	0.070932
167341	0.071126
167366	0.072877
167388	0.071064
167477	0.075984
167529	0.070699
167560	0.067431
167591	0.079888
167603	0.07473
167670	0.081982
167694	0.078632
167754	0.077875
167798	0.090219
167800	0.071687
167810	0.059359
167873	0.081954
167971	0.070539
167988	0.070138
167998	0.066779
168009	0.070581
168123	0.065565
168148	0.072344
168153	0.072542
168244	0.068345
168279	0.0768
168367	0.070843
168406	0.077365
168420	0.071074
168447	0.073078
168449	0.062615
168469	0.069498
168541	0.059292
168595	0.064981
168671	0.062627
168728	0.082673
168742	0.065862
168808	0.074034
168849	0.07361
168852	0.070882
168872	0.070137
